slug,title,html_file,pdf_file,word_count,url
respecting_listeners_autonomy_the_right_to_be_left_alone,Respecting Listeners' Autonomy: The Right to be Left Alone,usc_law_review_respecting_listeners_autonomy_the_right_to_be_left_alone.html,usc_law_review_respecting_listeners_autonomy_the_right_to_be_left_alone.pdf,13183,https://southerncalifornialawreview.com/2025/09/25/respecting-listeners-autonomy-the-right-to-be-left-alone/
listening_on_campus_academic_freedom_and_its_audiences,Listening on Campus: Academic Freedom and Its Audiences,usc_law_review_listening_on_campus_academic_freedom_and_its_audiences.html,usc_law_review_listening_on_campus_academic_freedom_and_its_audiences.pdf,13874,https://southerncalifornialawreview.com/2025/09/25/listening-on-campus-academic-freedom-and-its-audiences/
listeners_choices_online,Listeners' Choices Online,usc_law_review_listeners_choices_online.html,usc_law_review_listeners_choices_online.pdf,20645,https://southerncalifornialawreview.com/2025/09/25/listeners-choices-online/
islands_of_algorithmic_integrity_imagining_a_democratic_digi,Islands of Algorithmic Integrity: Imagining a Democratic Digital Public Sphere,usc_law_review_islands_of_algorithmic_integrity_imagining_a_democratic_digi.html,usc_law_review_islands_of_algorithmic_integrity_imagining_a_democratic_digi.pdf,14167,https://southerncalifornialawreview.com/2025/09/25/islands-of-algorithmic-integrity-imagining-a-democratic-digital-public-sphere/
in_the_name_of_accountability,In the Name of Accountability,usc_law_review_in_the_name_of_accountability.html,usc_law_review_in_the_name_of_accountability.pdf,12600,https://southerncalifornialawreview.com/2025/09/25/in-the-name-of-accountability/
the_first_amendment_of_fear,The First Amendment of Fear,usc_law_review_the_first_amendment_of_fear.html,usc_law_review_the_first_amendment_of_fear.pdf,5895,https://southerncalifornialawreview.com/2025/09/25/the-first-amendment-of-fear/
the_default_rule_and_due_process_diverging_interpretations_o,The Default Rule and Due Process: Diverging Interpretations of The Charging Document Requirement in Extradition Treaties,usc_law_review_the_default_rule_and_due_process_diverging_interpretations_o.html,usc_law_review_the_default_rule_and_due_process_diverging_interpretations_o.pdf,19006,https://southerncalifornialawreview.com/2025/07/05/the-default-rule-and-due-process-diverging-interpretations-of-the-charging-document-requirement-in-extradition-treaties/
mind_the_gap_s_mitigating_harassment_in_a_post_metoo_workpla,Mind the Gap(s): Mitigating Harassment in a Post-#METOO Workplace,usc_law_review_mind_the_gap_s_mitigating_harassment_in_a_post_metoo_workpla.html,usc_law_review_mind_the_gap_s_mitigating_harassment_in_a_post_metoo_workpla.pdf,20105,https://southerncalifornialawreview.com/2025/07/05/mind-the-gaps-mitigating-harassment-in-a-post-metoo-workplace/
fintech_and_techno_solutionism,Fintech and Techno-Solutionism,usc_law_review_fintech_and_techno_solutionism.html,usc_law_review_fintech_and_techno_solutionism.pdf,31628,https://southerncalifornialawreview.com/2025/07/05/fintech-and-techno-solutionism/
familial_dna_and_due_process_for_innocents,Familial DNA and Due Process for Innocents,usc_law_review_familial_dna_and_due_process_for_innocents.html,usc_law_review_familial_dna_and_due_process_for_innocents.pdf,25503,https://southerncalifornialawreview.com/2025/07/05/familial-dna-and-due-process-for-innocents/
fair_use_and_fair_price,Fair Use and Fair Price,usc_law_review_fair_use_and_fair_price.html,usc_law_review_fair_use_and_fair_price.pdf,17418,https://southerncalifornialawreview.com/2025/07/05/fair-use-and-fair-price/
criminalization_an_exceptionally_american_response_to_homele,Criminalization: An Exceptionally American Response to Homelessness,usc_law_review_criminalization_an_exceptionally_american_response_to_homele.html,usc_law_review_criminalization_an_exceptionally_american_response_to_homele.pdf,13715,https://southerncalifornialawreview.com/2025/07/05/criminalization-an-exceptionally-american-response-to-homelessness/
